user,6,7,8,9,10,11,12,13,14,15,16,17,18,19,20,21,22,23
42,0,0,0,0,0,2,0,0,0,0,0,0,0,0,0,0,0,0
109,0,0,2,0,0,0,4,0,0,0,0,0,0,0,0,0,0,0
143,0,0,0,0,0,1,0,7,0,0,0,0,0,0,0,0,0,0
171,0,0,0,0,0,0,1,0,0,0,0,0,0,0,0,0,0,0
587,0,0,0,0,1,0,0,0,0,0,0,0,0,0,0,0,0,0
674,0,0,0,0,0,0,0,1,0,0,0,1,0,0,0,0,0,0
698,0,0,0,0,0,0,0,0,0,0,2,0,0,0,0,0,0,0
734,0,0,0,0,0,1,0,0,0,0,0,0,0,0,0,0,0,0
786,0,0,0,0,1,0,0,0,0,0,0,0,0,0,0,0,0,0
810,0,0,0,0,1,0,0,0,0,0,0,0,0,0,0,0,0,0
825,0,0,0,0,0,0,0,0,0,1,0,0,0,0,0,0,0,0
882,0,0,0,0,0,1,0,0,0,0,0,0,0,0,0,0,0,0
900,0,0,0,0,0,0,0,0,0,0,0,5,0,0,0,0,0,0
902,0,0,0,0,0,0,0,6,0,0,0,0,0,0,0,0,0,0
938,0,0,0,0,0,0,0,0,0,0,0,0,0,0,0,0,1,0
950,0,0,0,0,0,0,3,0,0,4,0,0,0,0,0,0,0,0
1298,0,0,0,0,0,0,0,0,0,1,0,0,0,0,0,0,0,0
1590,0,0,0,0,0,0,0,0,0,0,0,0,0,0,0,1,0,0
1816,0,0,0,0,0,0,0,0,0,0,0,0,2,0,3,0,0,0
1882,0,0,0,0,0,0,0,0,0,0,0,2,0,0,0,0,0,0
1887,0,0,0,0,0,0,0,2,0,0,0,0,0,0,0,2,4,0
1992,0,0,0,0,0,0,1,0,0,0,0,0,0,0,0,0,0,0
2070,0,0,0,0,0,0,0,0,2,0,0,0,0,0,0,0,0,0
2136,0,0,0,0,0,0,0,0,0,0,1,0,0,0,0,0,0,0
2385,0,0,0,3,1,0,0,0,0,0,0,0,0,0,0,0,2,0
2451,0,0,0,0,0,0,0,0,0,1,0,0,6,0,0,0,0,0
2597,0,0,0,0,0,0,0,0,0,0,2,1,0,1,0,0,0,0
2616,0,0,0,0,0,0,0,0,0,1,0,0,0,1,0,0,0,0
2642,0,0,0,1,0,0,0,0,0,0,0,0,0,0,0,0,0,0
2747,1,0,0,0,0,0,0,0,0,0,0,0,0,0,0,0,0,0
2907,0,0,0,0,0,0,0,0,0,0,0,1,0,0,0,0,0,0
2933,0,0,0,1,0,0,0,0,0,0,0,0,0,0,0,0,0,0
2943,0,0,0,0,0,0,0,0,0,0,0,0,0,0,0,0,1,0
3038,0,0,0,0,0,0,0,0,0,0,0,0,0,0,0,0,2,0
3214,0,1,0,0,0,0,0,0,0,0,0,0,0,0,0,0,0,0
3430,0,0,0,0,3,0,0,0,0,0,0,0,0,0,0,0,0,0
3440,0,0,0,0,0,10,0,0,0,0,0,0,0,0,0,0,0,0
3530,0,0,0,0,0,1,0,0,0,0,0,0,0,0,0,0,0,0
3551,0,2,0,0,0,0,0,0,0,0,0,0,0,0,0,0,0,0
3656,0,0,0,0,0,0,0,0,0,0,0,0,0,0,0,3,1,0
3692,0,0,0,0,0,0,0,0,0,10,0,0,0,0,0,0,0,0
3710,0,0,1,0,0,0,1,0,0,0,0,0,0,0,0,0,0,0
3761,0,0,1,0,0,0,0,0,0,0,0,0,0,0,0,0,0,0
4021,0,0,0,0,0,0,4,0,1,1,4,0,0,0,0,0,0,0
4288,0,0,0,0,0,0,0,0,0,0,1,0,0,0,0,0,0,0
4397,0,0,0,0,0,0,0,1,0,0,0,0,0,0,0,0,0,0
4643,0,0,4,9,0,0,0,0,0,0,0,0,0,0,0,0,0,0
4873,0,0,0,0,0,0,0,0,0,1,0,0,0,0,0,0,0,0
4954,0,0,0,0,0,0,0,0,0,0,0,0,0,2,0,0,0,0
5137,0,0,2,0,0,0,0,0,0,0,1,0,7,0,0,0,0,0
5408,0,3,0,0,0,0,0,0,0,0,1,3,0,0,0,0,0,0
5527,0,0,0,0,1,0,0,0,0,0,0,0,0,0,0,0,0,0
5674,0,0,0,0,1,0,0,0,0,0,0,0,0,0,0,0,0,0
5684,0,0,0,0,0,0,0,0,0,0,0,1,0,0,0,0,0,0
5905,0,0,0,2,0,0,0,0,0,0,0,0,0,0,0,0,0,0
5948,0,0,0,0,0,0,0,0,0,0,0,0,0,0,0,5,0,0
6066,0,0,0,1,0,0,0,0,0,0,0,0,0,0,0,0,0,0
6281,0,0,3,0,1,0,0,0,0,0,0,0,0,0,0,0,0,0
6321,0,0,0,0,0,0,0,0,0,0,0,1,0,0,0,0,0,0
6408,0,0,0,0,0,0,0,0,0,0,0,1,0,0,0,0,0,0
6666,0,0,0,0,0,0,0,0,0,0,0,0,2,0,0,0,0,0
6693,0,0,0,1,1,0,0,0,0,0,0,0,0,0,0,0,0,0
6750,0,0,0,0,0,0,0,0,0,0,1,0,0,0,0,0,0,0
6821,0,0,0,1,0,0,0,0,0,1,0,0,0,0,0,0,0,0
6850,0,0,0,1,0,0,0,0,0,0,0,0,0,0,0,0,0,0
6913,0,0,0,1,0,0,0,0,0,0,0,0,0,0,0,0,0,0
7002,0,0,0,0,0,0,0,0,0,0,0,12,0,0,1,0,0,0
7159,0,0,0,0,0,0,0,0,9,0,0,0,0,0,0,0,0,0
7248,0,0,0,0,0,0,0,0,0,2,0,0,0,0,0,0,0,0
7291,0,0,0,0,0,0,0,0,0,0,0,0,0,1,0,0,0,0
7322,0,0,0,0,0,1,0,0,1,0,1,0,0,0,0,0,0,0
7375,0,0,0,0,0,0,0,0,0,0,0,0,0,5,1,0,0,0
7418,0,0,0,1,2,0,0,0,0,0,0,0,4,0,0,0,0,0
7458,0,0,0,0,0,0,0,0,0,0,0,0,0,0,19,0,0,0
7539,0,0,1,1,0,0,0,0,0,0,0,0,0,0,2,0,0,0
7621,0,0,0,0,0,1,0,0,0,0,0,0,0,0,0,0,0,0
7684,0,0,0,1,0,0,0,0,0,0,0,0,0,0,0,0,0,0
7706,0,0,0,0,0,0,0,1,0,0,0,0,0,0,0,0,0,0
7838,0,0,0,0,0,0,0,0,0,0,0,0,0,0,1,0,0,0
8000,0,0,0,0,0,0,0,0,2,0,0,0,0,0,0,0,0,0
8013,0,0,0,0,0,0,0,0,0,0,1,0,0,0,0,0,0,0
8032,0,0,0,0,0,1,0,0,0,0,0,0,0,0,0,0,0,0
8096,0,0,2,0,0,0,1,0,0,0,0,0,0,0,0,0,0,0
8204,0,0,1,0,0,0,0,0,0,0,0,0,0,2,0,0,0,0
8281,0,0,0,0,0,0,2,0,0,0,0,0,0,0,0,0,0,0
8535,0,0,0,0,0,1,0,0,0,0,0,0,0,0,0,0,0,0
8757,0,0,1,0,0,0,0,0,0,0,0,0,0,0,0,0,0,0
9280,0,1,0,0,0,0,0,0,0,0,0,0,0,0,0,0,0,0
9399,0,2,0,0,0,0,0,0,0,0,0,0,0,1,0,0,0,0
9497,0,0,0,0,0,0,0,0,0,0,0,0,0,0,0,0,1,0
9586,0,0,0,0,0,0,0,0,0,0,0,1,0,0,0,0,0,0
9662,0,0,0,0,0,0,0,0,2,0,0,0,0,0,0,0,0,0
9701,0,0,0,0,0,3,0,0,0,0,0,0,0,0,0,0,0,0
9813,0,0,0,0,0,1,0,0,0,0,0,0,0,0,0,0,0,0
9871,0,0,0,0,0,0,0,0,0,0,0,0,0,0,1,0,0,0
9987,0,0,0,0,0,0,0,0,0,0,0,0,1,0,0,0,0,0
10305,0,1,0,0,0,0,0,0,0,0,0,1,0,0,0,0,0,0
10391,0,0,1,0,0,0,0,1,0,0,0,0,0,0,0,0,0,0
10400,0,0,0,0,0,0,0,0,23,0,0,0,0,0,0,0,0,3
10491,0,0,0,0,0,0,2,0,0,0,0,0,0,0,0,0,0,0
10556,0,0,0,0,0,2,0,0,0,0,0,0,0,0,0,0,0,0
10600,0,0,0,1,0,0,0,0,0,0,0,0,0,1,0,0,0,0
10831,0,0,0,0,0,0,0,0,1,0,0,0,0,0,0,0,0,0
11124,0,0,0,0,0,0,0,0,0,0,0,0,1,0,0,0,0,0
11144,0,0,0,0,1,0,0,0,0,0,0,0,0,0,0,0,0,0
11249,0,0,0,0,0,0,0,0,0,0,0,1,0,0,0,1,0,0
11346,0,0,0,0,1,0,0,0,1,4,0,0,0,0,3,0,0,0
11413,0,0,0,0,0,0,0,0,0,0,0,0,0,1,0,0,0,0
11428,0,0,0,0,0,0,0,0,0,0,0,0,0,1,0,0,0,0
11776,0,0,0,0,2,0,0,0,0,0,0,0,0,0,0,0,0,0
12046,0,0,0,0,0,0,0,0,0,0,0,0,1,0,0,0,0,0
12137,0,0,0,0,0,5,0,0,0,0,0,0,0,0,0,0,0,0
12156,0,1,0,0,0,0,0,0,0,0,0,0,0,0,0,0,0,0
12162,0,0,0,0,0,0,0,0,1,0,0,0,0,2,0,0,0,0
12721,0,0,0,0,0,0,0,0,0,2,0,0,0,0,0,0,0,0
12913,0,0,0,0,0,0,0,0,0,0,0,0,0,0,0,1,0,0
13003,0,0,0,0,0,0,0,0,0,0,1,0,0,0,2,0,0,0
13068,0,0,0,0,0,0,0,0,0,0,0,0,0,0,0,0,1,0
13073,0,0,0,1,0,0,0,0,0,0,0,0,0,0,0,0,0,0
13097,0,0,0,1,0,0,0,0,0,0,0,0,0,0,0,0,0,0
13237,0,0,0,0,0,0,0,0,0,0,0,1,0,0,0,0,0,0
13380,0,1,0,0,0,0,0,1,0,0,0,0,0,0,0,0,0,0
13514,0,0,0,0,0,1,0,0,0,0,0,0,0,0,0,0,0,0
13579,0,0,2,0,0,0,0,0,0,0,0,0,0,0,0,0,0,0
13829,0,0,0,0,0,3,0,0,0,0,0,5,0,0,0,0,0,0
13892,0,0,0,0,0,0,0,0,0,0,1,0,0,0,0,0,0,0
14060,0,0,0,0,0,0,8,0,0,0,0,0,0,0,0,0,0,0
14174,0,0,0,0,0,1,0,0,0,0,0,0,0,0,0,0,0,0
14248,0,0,0,0,0,0,0,0,0,0,0,0,0,0,1,0,0,0
14290,0,0,0,0,0,0,0,0,0,0,0,1,0,0,0,0,0,0
14350,0,0,0,0,0,0,0,0,0,0,5,0,0,0,0,0,0,0
14373,0,0,0,0,0,0,0,0,0,0,0,0,3,0,0,0,1,0
14554,0,0,0,0,0,0,0,0,0,0,0,0,0,0,0,0,1,0
14558,0,0,0,1,0,0,2,0,0,0,0,0,0,0,0,0,0,0
14600,0,0,0,0,1,0,0,0,1,0,0,0,0,0,0,0,0,0
14626,0,1,0,0,0,0,0,0,0,0,0,0,0,0,0,0,0,0
14780,0,0,0,0,1,1,1,1,0,0,0,0,0,0,0,0,0,0
14954,0,0,0,1,1,0,0,0,0,0,0,0,0,0,0,0,0,0
15290,0,0,0,32,0,0,0,0,0,0,0,0,0,0,0,0,0,0
15400,0,0,0,0,0,1,0,0,0,0,0,0,0,0,0,0,0,0
15497,0,0,0,0,0,0,0,0,0,0,2,1,0,0,0,0,0,0
15514,0,0,0,1,0,0,0,0,0,0,0,1,0,0,0,0,0,0
15549,0,0,0,0,0,0,0,0,0,0,0,0,0,1,0,0,0,0
16011,0,0,0,0,0,0,0,0,0,0,0,1,0,5,0,0,0,0
16064,0,0,0,0,0,0,1,0,0,0,0,0,0,0,0,0,0,0
16111,0,0,0,0,0,0,0,0,0,0,0,0,0,7,0,0,0,0
16179,0,0,0,0,0,0,0,0,0,0,0,1,0,0,0,0,0,0
16329,0,0,0,0,0,0,1,0,0,0,0,1,0,0,0,0,0,0
16443,0,0,0,0,1,1,0,1,0,0,0,0,0,0,0,0,0,0
16504,0,0,0,0,0,0,9,0,0,0,0,0,0,0,0,0,0,0
16736,0,0,0,0,0,0,0,0,0,0,0,0,0,0,2,0,0,0
16795,0,0,0,0,0,0,0,0,0,0,0,0,6,0,0,0,0,0
17071,0,0,0,0,0,0,0,0,0,0,0,0,0,6,0,0,0,0
17158,0,0,1,0,0,0,0,0,0,0,0,0,0,0,0,0,0,0
17220,0,0,0,0,0,0,0,0,0,0,0,0,0,0,0,2,8,0
17233,0,0,0,0,0,0,0,0,0,0,0,1,0,0,0,0,0,0
17324,0,0,0,0,0,0,0,2,0,0,0,1,0,0,0,0,0,0
17413,0,0,0,0,0,0,0,0,0,1,0,0,2,0,0,0,0,0
17586,0,0,0,0,0,0,0,0,5,0,0,0,0,0,0,0,0,0
17601,0,0,0,0,0,0,0,0,0,0,0,1,0,0,0,0,0,0
17694,0,0,0,0,0,1,0,0,0,0,0,0,1,0,0,0,0,0
17803,0,2,0,0,0,0,0,1,0,0,0,0,0,0,0,0,0,0
17891,0,0,0,0,0,0,0,0,0,0,0,0,0,15,0,0,0,0
17906,0,0,0,0,0,0,0,3,0,0,0,0,0,7,6,2,0,0
17923,0,0,0,1,0,0,0,0,0,0,0,0,0,0,1,0,0,0
17954,0,0,0,0,0,0,0,0,0,13,0,0,0,10,2,0,0,0
18094,0,0,0,0,0,1,0,0,0,0,0,0,0,0,0,0,0,0
18180,0,0,0,1,0,0,0,0,1,0,0,0,0,0,0,0,0,0
18240,0,0,0,0,0,1,0,0,0,0,0,0,0,0,0,0,0,0
18289,0,0,0,0,2,0,0,0,0,0,0,0,0,0,0,0,0,0
18388,0,0,0,0,0,0,0,0,0,0,0,0,0,0,0,0,4,0
18815,0,0,1,0,0,0,0,0,0,0,0,0,0,0,0,0,0,0
18886,0,0,0,0,0,0,0,0,0,0,0,1,0,0,0,0,0,0
18926,0,0,0,0,0,0,0,0,0,0,0,0,0,1,0,0,0,0
18980,0,0,0,0,0,0,0,0,0,0,0,0,0,1,0,0,0,0
19090,0,0,0,0,0,0,0,3,0,0,0,0,0,0,0,0,0,0
19100,0,0,0,0,0,0,0,0,0,0,0,8,0,0,0,0,0,0
19274,0,0,0,0,0,0,0,0,1,0,1,0,0,0,0,0,0,0
19321,0,0,0,0,0,0,0,1,0,0,0,0,0,0,0,0,0,0
19362,0,0,1,0,0,0,0,0,0,0,0,0,0,0,0,0,0,0
19738,0,0,0,0,0,0,0,0,0,0,0,0,0,0,0,0,1,0
19861,0,0,0,0,0,0,1,0,0,0,0,0,0,1,0,0,0,0
19899,0,0,0,0,0,0,0,0,1,0,0,0,0,0,0,0,0,0
19945,0,0,0,0,0,0,0,0,0,4,0,0,0,0,0,0,0,0
20062,0,0,0,0,0,0,0,0,0,0,1,1,0,0,0,0,0,0
20099,0,0,0,0,0,0,0,3,0,0,0,2,0,0,0,0,0,0
20118,0,0,0,0,2,0,0,0,0,0,0,0,0,0,0,0,0,0
20224,0,0,0,0,0,0,0,0,0,0,0,0,0,0,2,0,0,1
20358,0,0,0,0,0,1,0,0,0,0,0,0,0,0,0,0,0,0
20616,0,0,1,0,0,0,0,0,0,0,0,0,0,0,0,0,0,0
20678,0,0,0,0,0,0,79,0,0,0,0,0,0,0,0,3,0,0
20710,0,0,0,0,0,0,0,0,0,0,0,2,1,0,0,0,0,0
20786,0,0,0,0,0,1,0,0,0,0,0,0,1,0,0,0,0,0
20952,0,0,0,0,0,0,0,0,0,0,0,0,0,0,1,0,0,0
21069,0,0,0,0,0,1,0,0,0,0,0,0,0,0,0,0,0,0
21139,0,0,1,0,0,0,1,0,0,0,0,0,0,0,0,0,0,0
21175,0,0,0,0,0,0,5,0,0,0,0,1,0,0,0,0,0,0
21216,0,0,0,0,0,0,0,0,0,0,0,1,0,0,0,0,0,0
21237,0,0,0,0,0,0,0,0,0,0,4,0,0,0,0,0,0,0
21246,0,0,0,0,0,0,0,0,0,1,0,0,0,0,0,0,0,0
21279,0,0,0,0,0,0,0,0,0,0,0,0,2,0,0,0,0,0
21391,0,0,0,2,2,1,0,0,0,0,0,0,0,0,0,0,0,0
21508,0,0,0,0,0,0,0,0,0,0,0,0,13,0,0,0,0,0
21530,0,0,0,0,0,1,2,0,0,0,0,0,0,0,0,0,0,0
21593,0,0,0,0,0,0,0,0,0,0,1,0,0,0,0,0,0,0
21787,0,0,0,0,0,0,0,0,0,0,0,1,2,0,0,0,0,0
22186,0,0,0,0,1,0,0,0,0,0,0,0,0,0,0,0,0,0
22213,0,0,0,1,0,0,0,0,0,0,0,0,0,0,0,0,0,0
22243,0,0,0,0,0,0,0,0,0,0,0,0,0,0,0,5,0,0
22284,0,0,0,0,2,0,2,0,0,1,0,0,0,0,0,0,0,0
22374,0,0,0,0,0,0,0,0,0,0,0,1,0,0,0,0,0,0
22605,0,0,0,0,0,0,0,0,0,0,0,0,0,0,1,0,0,0
22709,0,0,0,0,0,0,0,0,0,0,0,0,0,1,0,0,0,0
22868,0,0,0,0,0,0,1,0,0,0,0,0,0,0,0,0,0,0
22872,0,0,0,0,0,0,0,0,0,0,0,2,0,0,0,0,0,0
22926,0,0,0,0,0,1,0,0,0,0,0,0,0,9,0,0,0,0
22943,0,0,0,0,0,0,0,0,0,2,0,0,0,0,0,0,0,0
22962,0,0,1,0,0,0,0,0,0,0,0,0,0,0,0,0,0,0
22992,0,0,0,0,1,1,0,0,0,0,0,0,0,0,0,0,0,0
23003,0,0,0,0,0,0,0,0,0,1,0,1,7,0,0,0,0,0
23057,0,0,0,0,4,0,0,0,0,0,0,0,0,0,0,0,0,0
23474,0,0,0,0,0,0,0,0,0,0,0,0,0,2,0,0,0,0
23598,0,0,0,0,0,0,0,0,0,0,3,0,0,0,0,0,0,0
23844,0,0,0,0,0,0,0,0,0,0,0,0,0,0,0,1,1,0
24118,0,0,0,1,0,0,0,0,0,0,0,0,0,0,0,0,0,0
24188,0,0,0,1,1,0,0,0,0,0,0,0,0,0,1,0,0,0
24612,0,0,0,0,0,0,0,0,0,0,0,0,0,0,0,0,0,1
25132,0,0,0,0,0,2,0,0,0,0,0,1,0,0,0,0,0,0
25264,0,0,0,0,1,0,0,0,0,0,0,0,0,0,0,0,0,0
25474,0,0,0,0,0,0,0,0,0,0,0,0,0,7,0,0,0,0
25599,0,0,0,0,0,1,0,0,0,0,0,0,0,0,0,0,0,0
25600,0,0,0,0,0,0,0,0,0,0,0,2,0,1,0,0,0,0
25717,0,0,0,0,0,5,0,0,0,0,0,0,0,0,0,0,0,0
25784,0,0,0,0,0,0,0,0,0,0,0,0,1,0,0,0,0,0
25940,0,0,0,0,1,0,0,0,0,0,0,0,0,0,0,0,0,0
26036,0,0,0,0,0,0,0,2,0,0,0,0,0,0,0,0,0,0
26262,0,0,0,0,0,0,1,0,0,0,0,0,0,0,0,0,0,0
26627,0,0,0,0,0,0,0,0,0,0,0,0,1,0,0,0,0,0
26636,0,0,0,1,0,0,0,0,0,0,0,0,0,0,0,0,0,0
26671,0,0,0,1,0,0,0,0,0,0,0,0,0,0,0,0,0,0
26880,0,1,0,0,0,0,0,0,0,0,0,0,0,0,0,0,0,0
27150,0,0,0,2,0,0,0,0,0,0,0,0,0,0,0,0,0,0
27403,0,0,0,0,0,0,0,0,1,0,0,0,0,0,0,0,0,0
27498,0,0,0,0,0,0,0,0,0,0,1,0,0,0,0,0,0,0
27554,0,0,0,0,0,0,0,0,0,0,0,0,1,0,0,0,0,3
27783,0,0,0,0,0,0,0,0,0,0,0,0,0,0,0,0,3,0
28101,0,0,2,0,0,0,0,0,0,0,0,0,0,0,0,0,0,0
28126,0,1,0,0,0,0,0,0,0,0,0,0,0,0,0,0,0,0
28205,0,0,0,0,0,0,0,0,1,0,0,0,0,0,0,0,0,5
28239,0,0,0,4,0,0,0,0,0,0,0,0,0,0,0,0,0,0
28292,0,0,0,1,0,0,0,0,0,0,0,0,0,0,0,0,0,0
28297,0,0,0,2,0,0,0,0,0,0,0,0,0,0,0,0,0,0
28399,0,0,0,0,0,0,0,0,0,0,0,0,1,0,0,0,0,0
28414,0,0,0,0,0,0,0,0,0,0,0,0,0,0,4,0,0,0
28544,0,0,0,0,0,0,0,0,0,0,0,1,0,0,0,0,0,0
28668,0,0,1,0,0,0,0,1,0,0,0,0,0,0,0,0,0,0
28786,0,0,0,0,0,0,0,1,0,0,0,0,0,0,0,0,0,0
28969,0,0,0,0,0,0,0,0,0,0,0,0,0,4,0,0,0,0
28970,0,0,1,0,0,0,0,0,0,0,0,0,0,0,0,0,0,0
29149,0,0,0,0,1,0,0,0,0,0,0,0,0,0,0,7,0,0
29264,0,0,0,0,0,0,0,0,0,0,0,0,4,0,0,0,0,0
29429,0,0,0,0,0,0,0,1,0,0,0,0,0,0,1,0,0,1
29436,0,0,0,0,0,1,1,1,0,1,0,0,0,0,0,0,0,0
29560,0,0,0,1,0,0,0,0,0,0,0,0,0,0,0,0,0,0
29639,0,0,0,0,1,0,0,0,9,0,0,0,0,0,0,0,0,0
29722,0,0,0,0,1,0,0,1,0,0,0,0,0,0,0,0,0,0
29727,0,0,0,0,0,0,0,0,1,0,0,0,0,0,0,0,0,0
29831,0,0,0,1,0,1,0,0,0,0,0,0,0,0,0,0,0,0
30234,0,0,0,1,0,0,0,0,0,0,0,0,0,0,0,0,0,0
30252,0,0,0,0,1,0,0,0,0,0,0,0,0,0,0,0,0,0
30266,0,0,0,0,0,0,0,5,8,0,0,0,0,0,0,0,0,0
30367,0,0,0,2,0,0,0,0,0,0,0,0,2,0,0,0,0,0
30378,0,0,0,0,0,0,0,0,0,0,0,0,0,0,0,1,0,0
30380,0,0,0,0,0,0,1,0,0,0,0,0,0,0,0,0,0,0
30386,0,0,0,0,0,1,0,0,0,0,0,0,0,2,1,0,0,0
30622,0,0,0,0,0,0,0,0,0,0,4,0,0,25,33,0,0,0
30657,0,0,0,0,0,0,1,0,0,1,0,0,0,0,0,0,0,0
30661,0,0,0,2,0,0,0,0,0,0,0,0,0,0,0,2,0,0
30787,0,0,0,0,0,0,0,0,0,0,0,0,1,0,0,0,0,0
30840,0,0,0,0,0,1,1,0,0,0,0,0,1,1,0,0,0,0
31178,0,0,0,2,1,0,0,0,0,0,0,1,0,0,0,0,0,0
31226,0,0,0,0,0,0,0,1,0,0,0,0,0,0,0,0,0,0
31294,1,0,0,0,0,0,0,0,0,0,0,0,0,1,0,0,0,0
31306,0,0,1,1,0,0,0,0,0,0,0,0,0,0,0,0,0,0
31334,0,0,0,0,0,0,0,0,0,0,0,1,0,0,0,0,0,0
31585,0,0,1,0,0,0,0,0,0,0,0,0,0,2,0,0,0,0
31836,0,0,0,0,0,0,0,0,0,0,0,1,0,0,0,0,0,0
32137,0,0,0,0,0,0,0,0,0,1,0,0,0,0,0,0,0,0
32158,0,0,0,0,1,1,0,0,0,0,0,0,0,0,0,0,0,0
32224,0,0,0,0,0,1,1,0,0,0,0,0,0,0,0,0,0,0
32254,0,0,0,0,0,0,0,0,0,1,0,0,0,0,0,0,0,0
32384,0,0,0,0,0,0,0,0,0,0,0,2,0,0,0,0,0,0
32426,0,0,0,0,0,1,0,0,0,0,0,0,0,0,0,0,0,0
32509,0,0,1,0,0,1,0,0,0,0,0,0,0,0,0,0,0,0
32701,0,0,0,1,0,0,0,0,0,0,0,0,0,0,0,0,0,0
32769,0,0,0,1,0,0,0,0,0,0,0,0,0,3,0,0,0,0
32797,0,1,0,0,0,0,0,0,0,0,0,0,0,2,0,0,0,0
32830,0,0,0,0,0,0,0,0,0,0,0,1,0,0,0,0,0,0
33078,0,0,0,0,0,0,0,0,0,0,0,0,0,4,0,0,0,0
33205,0,0,0,0,0,0,0,0,0,0,0,0,0,4,0,0,0,0
33247,0,0,0,0,0,0,0,0,0,0,0,1,0,0,0,0,0,0
33307,0,0,0,0,0,6,0,0,0,0,0,0,0,0,0,0,0,0
33308,0,0,0,0,0,0,0,0,0,5,0,0,0,0,0,0,0,0
33328,0,1,0,0,0,0,0,0,0,0,0,0,1,0,0,0,0,0
33390,0,0,0,0,0,0,0,0,0,0,0,0,2,0,0,0,0,0
33583,0,0,0,1,0,0,0,0,0,0,0,0,0,0,0,0,0,0
33630,0,0,0,0,0,0,0,0,0,0,0,1,0,0,0,0,0,0
33678,0,0,0,0,0,0,0,0,0,0,1,0,0,0,0,0,0,0
33782,0,0,0,0,1,1,0,0,0,0,0,0,0,0,0,0,0,0
33825,0,0,1,0,0,0,0,0,0,0,0,0,0,5,1,0,0,0
33907,0,0,1,0,0,0,0,0,0,0,0,0,0,0,0,0,0,0
33921,0,0,0,0,0,0,0,0,0,0,0,0,0,0,2,0,0,0
34111,0,0,0,0,0,0,0,0,0,0,0,0,0,5,0,0,0,0
34160,0,0,0,0,0,0,1,0,1,0,0,0,0,0,0,0,0,0
34322,0,0,0,0,0,0,0,0,0,0,0,0,0,0,1,0,0,0
34335,0,0,0,0,0,0,0,0,0,0,0,0,1,0,0,0,0,0
34417,0,0,0,0,1,0,0,0,0,0,0,0,0,0,0,0,0,0
34681,0,0,0,0,1,0,5,0,0,0,0,0,0,0,0,0,0,0
34699,0,0,0,0,0,0,0,0,0,0,0,0,0,21,0,0,0,0
34808,0,0,2,0,0,0,0,0,0,0,0,0,0,0,0,0,0,0
34903,0,0,0,0,0,0,0,0,0,0,0,0,1,0,0,0,0,0
34985,0,0,0,0,0,0,0,0,0,1,0,0,0,0,0,0,0,0
35100,0,0,0,0,0,0,0,0,0,0,0,0,0,0,0,1,0,0
35134,0,0,0,0,0,0,1,0,0,0,0,0,0,0,0,0,3,0
35318,0,0,0,0,1,0,0,0,1,0,0,0,0,0,0,0,0,0
35342,0,0,0,0,0,0,2,0,0,0,0,0,0,0,0,0,0,0
35425,0,0,0,0,0,0,0,0,0,1,0,0,0,0,0,0,2,1
35477,0,0,0,0,0,1,0,0,0,0,0,1,0,0,0,0,0,0
35515,0,0,0,0,0,0,0,0,0,1,0,0,0,0,0,0,0,0
35539,0,0,1,0,0,0,0,0,0,0,1,1,0,0,3,0,0,0
35564,0,0,0,0,0,1,0,0,0,0,0,0,0,0,0,0,0,0
36090,0,0,0,0,0,0,0,0,0,0,0,0,0,0,0,0,1,0
36311,0,0,0,0,0,0,0,0,3,0,0,0,0,0,0,0,0,0
36722,0,0,0,0,0,0,0,0,0,0,1,0,0,0,0,0,0,0
36968,0,0,0,0,0,0,0,1,0,0,0,0,0,0,0,0,0,0
37095,0,0,0,0,0,0,0,0,0,0,0,0,4,0,0,0,0,0
37177,0,0,0,0,0,0,0,0,1,0,0,4,1,0,0,0,0,0
37322,0,0,1,0,0,0,0,0,0,0,0,0,0,0,0,0,0,0
37323,0,0,0,0,0,1,0,0,0,0,0,0,0,0,0,0,1,0
37332,0,0,0,0,1,0,0,0,0,1,0,0,0,0,0,0,0,0
37394,0,0,0,0,0,0,0,0,2,0,0,0,0,0,0,0,0,0
37397,0,0,0,0,0,0,0,0,0,0,0,0,0,1,0,0,0,0
37514,0,0,0,1,0,0,0,1,0,1,0,0,0,0,0,0,0,0
37703,0,0,0,1,0,0,0,0,0,0,0,0,0,0,0,0,0,0
37711,0,0,0,0,0,0,0,0,0,0,0,0,1,0,0,0,0,0
37735,0,0,0,0,0,0,6,4,0,0,0,4,0,0,0,0,0,0
37764,0,0,0,0,1,0,0,0,0,0,0,0,0,0,0,0,0,0
37807,0,0,0,0,1,1,0,0,0,0,0,0,0,0,0,0,0,0
38052,0,0,0,1,0,0,0,0,0,1,0,0,0,0,0,0,0,0
38242,0,0,0,0,0,0,0,0,0,0,0,0,1,0,0,0,0,0
38288,0,0,1,0,0,0,0,0,0,0,0,0,0,1,16,0,0,0
38531,0,0,0,0,0,0,0,12,0,0,0,0,0,0,0,0,0,0
38618,0,0,0,0,0,0,0,0,0,0,2,0,0,0,0,0,0,0
38692,0,0,0,0,0,0,0,0,0,0,0,2,0,0,0,0,0,0
38705,0,0,0,0,0,0,0,0,0,0,0,0,1,0,0,0,0,0
38736,0,0,0,0,0,0,0,0,0,0,0,0,2,1,0,0,0,0
38841,0,0,0,0,0,0,0,0,0,0,0,0,0,0,0,1,0,0
38957,0,0,0,1,0,0,0,0,0,0,0,0,0,0,0,0,0,0
38974,0,0,0,0,0,0,0,0,0,0,4,0,0,0,0,0,0,0
39136,0,0,0,0,0,0,0,0,0,0,0,2,0,0,0,0,0,0
39397,0,0,0,0,0,0,0,0,0,1,0,0,0,0,0,0,0,0
39452,0,0,0,0,0,0,0,0,0,0,0,0,0,1,0,0,0,0
39538,0,0,0,0,0,0,0,1,0,0,0,0,0,0,0,0,0,0
39609,0,0,1,0,0,0,0,0,0,0,0,0,2,0,0,0,0,0
39826,0,0,0,1,0,0,0,0,0,0,0,0,0,0,0,0,0,0
39836,0,0,0,9,1,1,1,0,0,0,0,0,0,0,0,0,0,0
39983,0,0,0,0,0,0,0,0,0,2,0,2,0,0,0,0,0,0
40075,0,0,0,0,0,0,0,0,0,0,0,0,0,0,2,0,0,0
40097,0,0,0,0,0,0,0,0,0,0,0,3,0,0,0,0,0,0
40122,0,0,0,0,0,4,5,0,0,0,0,0,0,0,0,0,0,0
40502,0,0,0,0,0,0,0,0,0,0,0,0,2,0,0,0,0,0
40522,0,0,0,0,0,0,0,0,0,0,0,0,0,0,0,1,0,0
40596,0,0,0,0,0,0,0,2,0,0,0,0,0,0,0,0,0,0
40713,0,0,0,0,2,0,0,0,0,0,0,0,0,0,1,0,0,0
40761,0,0,0,4,0,0,0,0,0,0,0,0,0,0,0,0,0,0
40789,0,0,0,0,0,0,0,0,0,0,0,1,0,0,0,0,0,0
40820,0,0,0,0,0,0,0,0,0,0,0,0,0,0,0,0,10,0
40877,0,0,0,0,0,0,1,2,0,0,0,0,0,0,0,0,0,0
40904,0,0,0,0,0,0,0,0,3,0,0,0,0,0,0,0,0,0
41007,0,0,0,0,0,0,0,2,0,0,0,0,0,0,0,0,0,0
41027,0,0,0,0,0,0,0,0,0,0,1,0,0,0,0,0,0,0
41066,0,1,0,0,0,0,0,0,0,0,0,0,0,0,0,0,0,0
41343,0,0,0,0,0,1,0,0,0,0,0,0,0,0,0,0,0,0
41351,0,0,1,0,0,0,0,0,0,0,0,0,0,0,0,0,0,0
41411,0,0,0,1,0,0,0,0,0,0,0,0,0,1,0,0,0,0
41589,0,0,0,0,0,0,0,0,0,0,0,0,0,1,0,0,0,0
41700,0,0,0,0,0,1,0,0,0,0,0,0,0,0,0,0,0,0
41714,0,0,0,0,0,0,0,1,3,0,0,0,0,0,0,0,0,0
41815,0,0,0,0,0,0,0,0,0,0,0,1,1,0,0,0,0,0
41822,0,0,0,0,1,0,0,0,0,0,0,0,0,0,0,0,0,0
41942,0,0,0,0,0,0,0,0,0,0,0,0,0,0,0,6,0,0
41974,0,0,0,0,0,0,0,0,1,0,0,0,0,0,0,0,0,0
42207,0,0,0,0,0,0,0,0,0,1,0,0,0,1,1,0,0,0
42553,0,0,1,0,0,0,0,0,1,19,0,0,0,0,0,0,0,0
42939,0,0,0,0,0,0,1,0,0,0,0,0,0,0,0,0,0,0
43207,0,0,0,0,0,0,0,0,0,0,0,0,0,1,0,0,0,0
43275,0,0,0,0,0,0,0,0,0,0,0,0,2,0,0,0,0,0
43330,0,0,0,0,0,1,0,0,0,0,0,0,0,0,0,0,0,0
43505,0,0,0,0,0,0,0,0,0,0,0,0,0,0,0,4,0,0
43538,0,0,0,0,0,0,1,0,0,0,0,0,0,0,0,0,1,0
43585,0,0,0,0,0,1,0,0,0,0,0,0,0,0,0,1,0,0
43972,0,0,0,0,0,0,0,0,0,0,0,0,2,0,0,0,0,0
44114,0,0,0,0,0,0,0,0,0,0,2,0,0,0,0,0,0,0
44186,0,0,1,0,0,0,0,0,0,0,0,0,0,0,0,1,0,0
44388,0,0,0,0,0,1,0,0,0,0,0,0,0,0,0,0,0,0
44415,0,0,1,0,0,0,0,0,0,0,0,1,0,0,0,0,0,0
44442,0,0,0,0,0,0,0,0,0,0,0,0,0,2,0,0,0,0
44547,0,0,0,0,0,0,0,0,0,1,0,0,0,0,0,0,0,0
44580,0,0,0,0,0,0,0,0,0,0,1,0,0,0,0,0,0,0
44608,0,0,0,0,3,0,0,0,0,0,0,0,0,0,0,0,0,0
44886,0,0,1,0,0,0,0,0,0,0,0,0,0,0,0,0,0,0
44937,0,0,0,0,1,0,0,0,0,0,0,0,0,0,0,0,0,0
44944,0,0,0,0,0,0,0,0,0,0,0,0,2,0,0,0,0,0
44980,0,0,0,0,0,0,0,0,0,1,0,0,0,1,2,0,0,0
44992,0,0,0,1,0,0,0,0,0,0,0,0,0,0,0,0,0,0
45021,0,0,0,0,0,0,0,0,0,0,1,1,0,0,0,0,0,0
45112,0,0,0,0,0,0,0,0,0,0,0,0,0,8,0,0,0,0
45280,0,0,0,0,0,0,1,0,0,0,0,0,0,0,0,0,0,0
45314,0,2,0,0,0,0,0,0,0,0,0,0,0,0,0,0,0,0
45333,0,0,0,0,0,0,0,0,0,1,1,0,0,0,0,0,0,0
45462,0,0,0,0,0,0,0,0,1,0,0,0,2,0,0,0,0,0
45484,1,0,0,0,0,0,0,0,0,0,0,0,0,0,0,0,0,0
45623,0,0,0,2,0,0,0,0,0,0,0,0,0,0,0,0,0,0
45686,0,0,0,0,4,0,0,0,0,0,0,0,0,5,0,0,0,0
45758,0,0,0,0,0,0,0,0,0,0,0,0,0,0,0,0,2,0
45832,0,0,0,0,0,0,1,0,0,0,0,0,0,0,0,0,0,0
46103,0,0,0,0,0,0,0,0,0,0,0,1,0,0,0,0,0,0
46176,0,0,0,0,0,0,0,0,1,0,0,0,0,0,0,0,0,0
46367,0,0,0,1,2,0,0,0,0,0,0,0,0,0,0,0,0,0
46371,0,1,0,0,0,0,0,0,0,0,0,0,0,0,0,0,0,0
46409,0,0,0,1,1,0,0,0,0,0,0,0,0,0,0,0,0,0
46557,0,0,0,0,0,0,0,0,6,0,0,0,0,0,0,0,0,0
46917,0,1,0,0,0,0,0,0,1,0,0,0,0,0,0,0,0,0
47002,0,0,0,1,0,0,0,0,0,0,0,0,1,0,0,0,0,0
47157,0,0,0,0,0,0,0,0,0,0,0,3,0,0,0,0,0,0
47340,0,0,0,0,0,0,0,0,0,0,0,0,0,0,0,2,0,0
47501,0,0,0,0,0,0,0,0,0,0,0,0,0,0,1,0,0,0
47689,0,0,1,0,0,0,0,0,6,2,0,0,0,0,1,0,0,0
47856,0,0,0,0,0,0,0,0,0,0,2,0,0,0,0,0,0,0
47859,0,0,0,0,0,0,0,0,4,0,7,0,0,0,0,0,0,0
47998,0,0,0,0,0,0,0,0,0,0,0,4,0,0,0,0,0,0
48242,0,1,0,0,0,0,0,0,0,0,0,0,0,0,0,0,0,0
48421,0,0,0,2,0,0,0,0,0,0,0,0,0,0,0,0,0,0
48508,0,0,0,0,0,0,0,0,0,0,0,0,1,0,0,0,0,0
48535,0,0,0,0,1,0,0,0,0,0,0,0,0,0,1,0,0,0
48638,0,0,0,1,0,0,0,0,0,0,0,0,0,0,0,0,0,0
48751,0,0,0,0,0,0,0,0,0,0,0,0,0,0,1,0,0,0
48843,2,0,0,0,0,0,0,0,0,0,0,0,0,0,0,0,0,0
48852,0,0,0,0,0,0,0,0,0,0,0,0,0,0,5,0,0,0
48977,0,0,2,0,0,0,0,0,0,0,0,1,0,0,0,0,0,0
49002,0,0,0,0,0,0,0,0,0,0,1,0,0,0,0,0,0,0
49113,0,0,0,0,0,0,0,1,0,0,0,0,0,0,0,0,0,0
49260,0,0,4,0,0,0,0,0,0,0,0,0,0,0,0,0,0,0
49430,0,0,0,0,0,0,2,0,0,0,0,0,0,0,0,0,0,0
49534,0,0,0,0,2,0,0,1,1,0,0,0,0,0,0,0,0,0
49542,0,0,0,0,0,0,0,2,0,0,1,0,0,0,0,0,0,0
49600,0,0,0,2,1,0,0,0,0,0,0,0,0,4,0,0,0,0
49777,0,0,0,0,0,0,0,0,0,0,0,0,0,0,1,0,0,0
49825,0,0,0,1,0,0,0,0,0,0,0,0,0,0,0,0,0,0
49855,0,0,0,0,0,1,0,0,0,0,0,0,0,0,0,0,0,0
50037,0,0,0,0,0,0,0,0,9,0,0,0,0,0,0,0,0,0
50266,0,1,0,0,0,0,0,0,0,0,0,0,0,0,0,0,0,0
50272,0,0,0,0,0,0,0,1,0,0,0,0,0,0,0,0,0,0
50303,0,2,0,0,0,0,0,0,0,0,0,0,0,0,0,0,0,0
50311,0,0,0,0,0,0,0,0,0,0,1,0,0,0,0,0,0,0
50350,0,0,1,0,0,0,0,0,0,0,0,0,0,0,0,0,0,0
50625,0,0,0,1,0,0,0,0,0,0,0,0,0,0,0,0,0,0
50963,0,0,0,2,0,0,0,0,0,0,0,0,0,0,0,0,0,0
51237,0,0,0,0,0,0,0,0,0,0,0,0,1,0,0,0,0,0
51343,0,0,0,1,1,0,0,0,0,0,0,0,0,0,0,0,0,0
51420,0,0,0,0,0,0,0,1,0,0,0,0,0,0,0,0,0,0
51444,0,0,0,0,0,0,0,0,0,0,0,0,0,1,0,0,0,0
51458,0,1,0,0,0,0,0,0,0,0,0,0,0,0,0,0,0,0
51511,0,0,3,0,0,0,0,0,0,0,0,0,0,0,0,0,0,0
51571,0,0,0,0,1,0,0,0,0,0,0,0,0,0,0,0,0,0
51612,0,0,0,0,0,0,0,0,0,0,1,0,0,0,0,0,0,0
52109,0,1,0,0,0,0,0,0,0,0,0,0,0,0,0,0,0,0
52120,0,0,0,1,0,0,0,0,0,0,0,0,0,0,0,0,0,0
52342,0,0,0,0,0,0,0,0,0,0,0,1,0,0,0,0,0,0
52403,0,0,0,0,0,0,0,0,0,0,0,0,0,0,59,0,0,0
52459,0,0,0,0,0,0,0,0,0,0,0,3,0,0,0,0,0,0
52473,0,0,0,1,0,0,0,0,0,0,0,0,0,1,0,0,0,0
52507,0,0,0,0,0,0,0,0,0,0,0,0,0,0,0,1,0,0
52516,0,0,0,0,0,0,0,0,0,0,0,1,0,0,0,0,0,0
52552,0,0,0,0,0,0,0,1,0,0,0,0,0,0,0,0,0,0
52698,0,0,0,1,0,0,0,0,0,0,0,0,0,0,0,0,0,0
52723,0,0,0,0,0,1,0,0,0,0,0,0,0,1,2,0,0,0
53039,0,0,0,0,0,0,0,0,0,0,0,0,3,0,0,0,0,0
53048,0,9,0,0,0,0,0,0,0,0,0,0,0,0,0,0,0,0
53049,0,0,0,0,0,0,3,0,0,0,0,0,0,0,0,0,0,0
53197,0,0,0,0,0,0,0,0,0,0,0,4,0,0,0,0,0,0
53408,0,0,0,0,0,0,0,1,0,0,0,0,0,0,0,0,0,0
53440,0,0,0,0,0,0,0,1,2,0,0,2,0,0,0,0,0,0
53502,0,0,0,0,0,0,0,0,0,0,0,1,0,0,0,0,0,0
53552,0,0,0,0,1,0,0,0,0,0,0,0,0,0,0,0,0,0
53558,0,0,0,0,0,0,0,0,0,0,0,2,1,0,0,0,0,0
53777,0,0,0,0,0,0,0,1,0,0,0,0,0,0,0,0,0,0
53893,0,0,0,0,1,0,0,0,0,1,0,0,0,0,0,0,0,0
53933,0,0,0,6,1,7,4,0,0,0,0,7,9,6,0,0,0,0
54015,0,0,0,0,0,0,0,0,0,0,0,0,0,0,0,0,1,0
54160,0,0,1,0,0,0,0,0,0,0,0,0,0,0,1,0,0,0
54256,0,0,0,0,0,0,0,0,0,0,0,3,0,0,0,0,0,0
54325,0,0,0,0,0,0,0,0,0,2,0,3,0,0,0,0,0,0
54497,0,0,0,0,0,0,0,0,0,0,0,0,1,0,0,0,0,0
54519,0,0,0,0,0,0,2,0,0,0,0,0,0,0,0,0,0,0
54626,0,0,0,0,0,0,0,0,0,0,0,0,3,0,1,0,0,0
54715,0,0,1,0,0,0,0,0,0,0,0,0,0,0,0,0,0,0
54782,0,0,0,8,4,0,0,0,1,0,0,1,0,0,0,0,0,0
54904,0,0,0,0,0,1,0,0,0,0,0,0,0,0,0,0,0,0
55139,0,0,0,0,0,0,2,1,0,0,0,0,0,0,0,0,0,0
55206,0,0,0,0,0,0,0,0,0,0,0,0,0,0,0,2,16,0
55244,0,0,0,0,0,0,0,0,0,0,1,0,0,0,0,0,0,0
55247,0,0,0,0,0,0,0,0,0,0,0,0,2,0,0,0,0,0
55257,0,0,0,1,2,0,0,0,0,0,0,0,0,0,0,0,0,0
55644,0,0,0,0,0,0,2,0,0,0,0,0,0,0,0,0,0,0
55662,0,0,0,0,3,0,0,0,0,0,0,0,0,0,0,0,0,0
55718,0,0,0,0,0,0,0,0,0,0,0,2,0,0,0,0,0,0
55737,0,0,1,0,0,0,0,0,0,0,0,0,0,0,0,0,0,0
55746,0,0,0,0,0,0,0,0,0,0,0,0,0,0,9,0,0,0
55876,0,0,0,0,0,0,0,1,0,0,0,0,0,0,0,0,0,0
56056,0,0,0,0,0,0,0,0,0,0,0,2,1,0,12,29,0,0
56095,0,0,1,0,0,0,0,0,0,0,0,0,0,0,0,0,0,0
56219,0,0,0,0,0,2,0,0,0,0,0,1,1,0,0,0,0,0
56737,0,0,0,0,0,0,0,0,0,0,0,0,0,1,0,0,0,0
56942,0,0,0,0,2,0,0,0,1,0,0,0,0,0,0,0,0,0
56947,0,0,0,0,0,0,0,0,7,0,0,0,0,0,0,0,0,0
57006,0,0,0,0,0,0,0,3,0,0,0,0,0,0,0,0,0,0
57133,0,0,0,0,0,0,0,0,0,0,0,0,1,0,2,0,0,0
57134,0,0,0,0,0,0,0,0,0,0,0,0,2,0,0,0,0,0
57158,0,0,1,0,0,0,0,0,0,0,0,0,0,0,0,0,0,0
57165,0,0,0,2,0,0,0,0,0,0,0,0,0,0,0,0,0,0
57717,0,0,0,0,1,0,1,0,0,0,0,0,0,0,0,0,0,0
57760,0,0,0,0,0,0,0,0,0,0,0,0,4,0,0,0,0,0
57761,0,0,0,0,0,0,0,0,0,0,0,0,0,0,2,0,0,0
58036,0,0,0,0,0,0,0,0,0,0,0,2,0,0,0,0,0,0
58098,0,0,0,1,0,0,0,0,0,0,0,0,0,0,0,0,0,0
58290,0,0,0,0,0,0,0,0,0,1,0,0,0,0,0,0,0,0
58411,0,0,0,0,0,0,0,0,0,0,0,0,0,11,11,0,0,0
58481,0,0,0,0,0,0,0,0,0,0,0,6,0,0,0,0,0,0
58562,0,0,2,0,0,0,0,0,0,0,0,1,0,0,0,0,0,0
58568,0,0,0,0,0,0,0,0,0,0,0,0,0,0,0,0,1,0
58822,0,0,0,1,0,0,0,0,0,0,0,0,0,0,0,0,0,0
58940,0,3,1,0,0,0,0,0,0,0,0,1,0,0,0,0,0,0
59132,0,0,0,0,1,0,0,0,0,0,0,0,0,0,0,0,0,0
59592,0,0,0,0,0,0,0,4,0,0,0,0,0,0,0,0,0,0
59667,0,0,0,0,0,0,2,0,0,0,0,0,0,0,0,0,0,0
59670,0,0,0,0,0,0,1,0,0,0,0,0,1,1,2,0,0,0
60029,0,0,1,0,0,0,0,0,0,0,0,0,0,0,0,0,0,0
60074,0,0,0,0,0,0,0,0,0,2,0,0,0,0,0,0,0,0
60085,0,0,0,0,0,0,0,0,0,0,0,0,0,2,1,0,0,0
60435,0,0,0,0,0,0,0,1,0,0,0,0,0,0,0,0,0,0
60767,0,0,0,0,0,0,0,0,0,0,4,0,0,0,0,0,0,0
60853,0,1,0,0,0,0,0,0,0,0,0,0,0,0,0,0,0,0
61119,0,1,0,0,0,0,0,0,0,0,0,1,0,1,0,1,0,0
61199,0,0,0,0,2,0,0,0,0,0,0,0,0,0,0,0,0,0
61299,0,0,0,0,0,0,0,0,0,0,0,1,0,0,0,0,0,0
61353,0,0,0,0,0,2,0,0,0,0,0,0,0,0,0,0,0,0
61356,0,0,0,0,0,0,0,0,1,0,0,0,0,0,0,0,0,0
61389,0,0,0,0,0,0,0,1,0,0,0,0,0,0,0,0,0,0
61619,0,0,0,0,0,0,0,0,0,0,0,0,2,8,0,0,0,0
61657,0,0,1,0,0,0,0,0,0,0,0,0,0,0,0,0,0,0
61717,0,0,0,1,0,0,0,0,0,0,0,0,0,0,0,0,0,0
61760,0,0,1,0,0,0,0,0,0,0,0,0,1,0,0,0,0,0
61818,0,0,0,4,0,0,0,0,0,0,0,0,0,0,0,0,0,0
62120,0,0,0,0,0,0,0,0,0,0,2,0,0,0,0,0,0,0
62211,0,0,0,0,0,1,0,0,0,0,0,0,0,0,0,0,0,0
62234,0,0,0,0,0,1,0,0,0,0,0,0,0,0,1,0,0,0
62383,0,0,0,0,0,0,0,0,1,0,0,0,0,0,2,0,0,0
62761,0,0,0,22,3,0,0,0,0,0,0,0,0,0,0,0,0,0
62777,0,0,0,0,0,0,0,0,2,0,0,0,0,0,0,0,0,0
62784,0,0,0,0,0,1,0,0,0,0,0,0,0,0,0,0,0,0
62904,0,0,0,0,0,0,0,0,0,0,1,0,0,0,0,0,0,0
62946,0,0,0,1,1,0,0,0,0,0,0,0,0,0,0,0,0,0
62996,0,0,0,0,0,1,0,0,0,0,0,0,1,3,0,0,0,0
63079,0,0,0,0,0,1,0,0,0,0,0,0,0,0,0,0,0,0
63089,0,0,0,1,0,0,0,0,0,0,0,0,0,0,0,0,0,0
63139,0,0,0,0,0,0,0,0,0,0,0,0,1,0,0,0,0,0
63155,0,0,0,0,0,0,0,0,0,0,0,0,0,2,0,0,0,0
63366,0,0,0,3,0,0,0,0,0,0,0,0,0,0,0,1,0,0
63383,0,1,0,0,0,0,0,0,0,0,0,0,0,0,0,0,0,0
63637,0,0,0,0,0,0,1,0,0,0,0,0,0,0,0,0,0,0
64053,0,0,0,1,0,0,0,0,0,0,0,2,0,0,4,0,0,0
64196,0,0,0,0,0,0,0,0,1,0,0,0,0,0,0,0,0,0
64411,0,0,0,0,0,0,0,0,0,0,0,2,0,0,0,0,0,0
64428,0,0,0,0,0,0,0,0,0,0,0,1,0,0,0,0,0,0
64442,0,1,0,0,0,0,0,0,0,0,0,0,0,0,0,0,0,0
64455,0,0,0,0,0,0,0,0,0,4,0,0,0,0,0,0,0,0
64459,0,0,0,0,0,0,0,0,0,0,0,0,1,0,0,0,0,0
64493,0,0,0,0,0,0,0,0,0,0,0,0,0,0,0,0,0,1
64498,0,0,0,0,0,0,0,0,0,0,0,1,0,0,0,0,0,0
64566,0,0,0,0,3,0,0,0,0,0,0,0,0,0,0,0,0,0
64622,0,0,0,0,1,0,0,0,0,0,0,0,0,0,0,0,0,0
64667,0,0,0,0,0,0,0,0,0,0,0,0,0,0,0,0,2,0
64770,0,0,0,0,0,0,0,0,0,0,0,0,4,0,0,0,0,0
64789,0,0,0,0,0,0,0,0,0,0,0,0,2,0,0,1,0,0
65007,0,0,0,0,0,0,0,0,0,0,3,0,0,0,0,0,0,0
65609,0,0,0,0,0,1,0,0,1,0,0,0,0,0,0,0,0,0
65638,0,0,0,0,0,1,0,0,0,0,0,0,0,0,0,0,0,0
65687,0,0,0,0,0,0,0,2,0,0,0,0,0,0,0,0,0,0
65825,0,0,0,0,0,0,0,0,0,0,1,0,0,0,0,0,0,0
65856,0,0,0,0,0,0,0,0,0,0,0,0,0,0,0,3,3,0
66053,0,0,0,0,0,0,0,0,0,0,0,0,0,0,0,1,0,0
66080,0,0,0,0,0,0,1,0,0,0,0,0,0,0,0,0,0,0
66111,0,0,0,0,0,0,4,0,0,0,0,1,0,0,0,0,0,0
66254,0,0,0,0,0,0,0,0,0,0,0,0,0,1,0,0,0,0
66513,0,0,1,0,0,0,0,0,0,0,0,0,0,0,0,0,0,0
66846,0,0,0,3,0,0,0,0,0,0,0,0,0,0,0,0,0,0
67077,0,0,0,0,0,0,0,0,0,0,0,0,0,0,1,0,0,0
67085,0,1,0,0,0,0,0,0,0,0,0,0,0,0,0,0,0,0
67166,0,0,0,0,1,1,0,0,0,0,0,0,0,0,0,1,0,5
67172,0,0,0,0,0,0,0,0,0,0,0,0,1,0,0,0,0,0
67191,0,0,0,0,0,0,0,1,0,0,0,0,0,0,0,0,0,0
67224,0,0,2,0,0,0,0,0,0,0,0,0,0,0,0,0,0,0
67276,0,0,0,0,0,0,0,0,0,0,2,0,0,0,0,0,0,0
67618,0,0,0,0,0,0,0,0,0,0,0,1,0,0,0,0,0,0
67689,0,0,0,0,0,0,0,0,0,0,0,0,0,0,3,0,0,0
67701,0,0,0,0,4,0,0,0,0,0,0,0,3,0,0,0,0,0
67850,0,0,0,0,0,0,0,0,0,0,0,0,0,0,0,2,1,0
67866,0,0,0,0,0,0,0,0,0,0,0,0,0,0,0,0,1,0
68109,0,0,0,3,0,0,0,0,0,0,0,0,0,0,0,0,0,0
68113,0,0,0,0,0,0,0,0,0,3,0,0,0,1,0,0,0,0
68173,0,0,0,1,0,0,0,0,4,0,0,0,0,0,0,0,0,0
68234,0,0,1,0,0,0,1,0,0,0,0,0,0,0,0,0,0,0
68342,0,0,0,0,0,0,0,0,0,0,0,1,0,0,0,0,0,0
68480,0,0,0,0,0,1,0,0,0,0,1,0,0,0,0,0,0,0
68601,0,0,0,0,0,0,0,0,0,0,0,0,0,0,0,0,1,0
68673,0,0,0,0,1,0,0,0,0,0,0,0,0,1,0,0,0,0
69112,0,0,0,0,1,0,0,0,0,0,0,0,1,0,0,0,0,0
69274,0,0,0,0,0,0,0,0,0,0,0,0,1,0,0,0,0,0
69353,0,0,0,0,0,0,1,0,0,0,0,0,0,0,0,0,0,0
69431,0,0,0,0,0,0,0,0,0,0,0,1,2,0,0,0,0,0
69624,0,0,0,1,0,0,0,0,0,0,0,0,0,0,0,0,0,1
69781,0,0,0,2,0,0,0,0,0,0,0,0,0,0,0,0,0,0
69818,0,0,0,0,1,0,0,0,0,0,0,0,0,0,0,0,0,0
69893,0,0,0,0,2,0,0,0,0,0,0,0,0,0,0,0,0,0
70055,0,0,0,0,0,0,0,0,0,0,6,0,0,0,0,0,0,0
70061,0,0,0,0,0,0,0,0,0,0,0,0,2,0,0,0,0,0
70074,0,0,0,1,0,0,0,0,0,0,0,0,0,0,0,0,0,0
70187,0,0,0,0,0,0,0,0,1,0,0,0,0,0,0,0,0,1
70205,0,0,0,0,0,1,0,0,0,0,0,0,0,0,0,0,0,0
70238,0,0,0,0,0,1,0,0,0,0,0,0,0,0,0,0,0,0
70265,0,0,0,0,0,0,0,0,0,2,0,0,0,0,0,0,0,0
70311,0,0,1,0,0,0,0,0,0,0,0,0,0,0,0,0,0,0
70391,0,0,0,0,0,0,0,0,0,0,0,0,0,2,0,0,0,0
70581,0,0,0,0,0,0,0,0,0,0,0,0,0,0,0,0,4,0
71143,0,0,1,0,0,0,0,0,0,0,0,1,0,0,0,0,0,0
71542,0,0,0,0,0,1,0,0,0,1,0,0,0,0,0,0,0,0
71601,0,0,0,0,0,0,0,1,0,0,0,6,0,0,0,0,0,0
71950,0,0,0,1,0,0,0,0,0,0,0,0,0,0,0,0,0,0
72009,0,0,0,0,1,0,0,0,0,0,0,0,0,0,0,0,0,0
72029,0,0,0,0,0,0,0,0,0,0,0,0,0,0,1,0,0,0
72126,0,0,2,0,0,0,3,0,0,0,0,0,0,0,0,0,0,0
72264,0,0,0,0,0,0,0,0,0,0,0,0,0,0,1,0,0,0
72372,0,0,0,0,0,0,0,0,0,0,0,0,1,0,0,0,0,0
72422,0,1,0,0,0,0,0,0,0,0,0,0,0,0,0,0,0,0
72451,0,0,0,0,0,0,1,0,0,0,0,0,0,0,5,0,0,0
72476,0,0,0,0,1,0,0,0,0,0,0,0,0,0,0,0,0,0
72479,0,0,0,0,0,0,0,4,0,0,0,0,0,0,0,0,0,0
72647,0,0,0,1,0,0,0,0,0,0,0,0,0,0,0,0,0,0
72664,0,0,0,0,0,0,1,1,0,1,0,0,0,0,0,0,0,0
72857,0,0,0,0,0,0,1,0,0,0,0,0,0,0,0,0,0,0
73182,0,0,0,0,0,0,0,0,0,0,1,0,0,0,0,0,0,0
73301,0,0,0,0,0,0,0,0,0,1,0,0,0,0,0,0,0,0
73302,0,0,0,0,0,0,0,2,0,1,0,0,0,0,0,0,0,0
73354,0,0,0,0,0,0,0,0,0,0,1,0,0,0,0,1,0,0
73500,0,0,0,0,0,0,0,0,0,0,0,1,0,0,0,0,0,0
73728,0,0,0,0,0,0,0,0,0,0,1,0,0,0,0,0,0,0
73793,0,0,0,0,0,0,0,0,0,0,0,1,0,0,0,0,0,0
73893,0,0,0,0,0,0,6,0,0,0,0,0,0,0,0,0,0,0
73918,0,0,0,0,0,0,0,0,0,0,0,0,1,0,0,0,0,0
73950,0,0,0,0,0,0,0,0,0,0,0,1,1,0,0,0,0,0
74073,0,1,0,0,0,0,0,0,0,0,0,0,0,0,0,0,0,0
74119,0,0,0,0,1,0,0,0,0,0,0,0,0,0,0,0,0,0
74226,0,0,0,0,0,0,0,0,0,0,2,0,0,0,0,0,0,0
74240,0,0,0,1,0,0,0,0,0,0,0,0,0,0,0,0,0,0
74337,0,0,0,0,0,0,0,0,0,6,0,0,0,0,0,0,0,0
74397,0,0,0,0,0,0,0,0,1,0,0,0,0,0,0,0,0,0
74465,0,0,0,0,1,0,0,0,0,0,0,0,0,0,0,0,0,0
74474,0,0,0,0,0,0,0,0,0,0,0,0,0,2,0,0,0,0
74484,0,0,0,0,0,0,0,0,0,0,0,1,0,0,0,0,0,0
74503,0,0,0,0,0,0,0,0,0,0,0,0,1,0,0,0,0,0
74560,0,0,0,0,3,0,0,0,0,0,0,0,0,0,0,0,0,0
74669,0,0,0,0,0,1,0,0,0,0,0,0,0,0,1,0,0,0
74916,0,0,0,0,0,0,0,0,0,0,0,0,0,0,0,0,1,0
74969,0,0,0,1,0,0,0,0,0,0,0,0,0,0,0,0,0,0
75073,0,0,0,0,0,0,0,0,2,0,0,0,0,0,0,0,0,0
75080,0,0,0,1,0,0,0,0,0,0,1,0,0,0,0,0,0,0
75241,0,0,0,0,0,0,0,0,0,0,1,1,0,0,0,0,0,0
75416,0,0,0,1,0,0,0,0,0,0,0,0,0,0,0,0,0,0
75750,0,0,0,0,0,0,3,0,0,0,0,0,0,2,2,0,0,0
75799,0,0,0,2,0,0,0,0,0,0,0,0,0,0,0,0,0,0
75878,0,0,0,0,0,0,0,0,0,0,0,0,0,0,0,0,1,0
76010,4,0,0,0,0,0,0,0,0,0,0,0,0,0,0,0,0,0
76073,0,0,0,0,0,0,0,2,0,0,0,0,0,0,0,0,0,0
76168,0,0,0,0,8,0,0,0,0,0,0,0,0,0,0,0,0,0
76180,0,0,0,0,0,1,0,0,0,0,0,0,0,0,0,0,0,0
76410,0,0,0,0,0,0,0,0,0,0,0,4,0,0,0,0,0,0
77184,0,0,1,0,0,0,0,0,0,0,0,0,0,0,0,0,0,0
77252,0,0,0,0,0,0,0,0,0,0,0,0,0,0,0,1,0,0
77258,0,0,0,0,0,0,0,0,0,0,0,8,0,0,0,0,0,0
77331,0,0,13,0,0,0,0,0,0,0,0,0,0,0,0,0,0,0
77509,0,0,0,0,0,0,1,0,0,0,0,0,0,0,0,0,0,0
77670,0,0,0,0,0,0,1,0,0,0,0,0,4,0,0,0,0,0
77691,0,0,0,0,1,3,0,0,0,0,0,0,0,0,0,0,0,0
78014,0,0,0,0,0,0,0,0,0,0,1,0,0,0,0,0,0,0
78049,0,0,0,0,0,0,1,0,0,0,0,0,0,0,0,0,0,0
78086,0,0,0,1,0,0,0,0,0,0,0,0,0,0,0,0,0,2
78278,0,0,0,0,0,0,0,0,0,0,0,0,0,0,0,0,0,3
78456,0,0,0,0,0,0,0,0,0,0,0,0,0,0,7,0,0,0
78591,0,0,0,0,1,0,0,0,0,0,0,0,0,0,6,7,0,0
78745,0,0,0,0,0,0,0,0,0,0,0,2,0,0,0,0,0,0
79004,0,0,0,0,0,0,0,0,0,1,0,0,0,0,0,0,0,0
79171,0,0,0,0,0,0,0,0,0,0,0,0,0,0,0,1,1,0
79198,0,0,0,0,0,0,0,0,0,0,1,1,0,0,0,0,0,0
79238,0,0,0,0,1,0,0,0,0,0,1,0,0,0,0,0,0,0
79260,0,0,0,0,0,0,0,0,0,0,0,0,1,0,0,0,0,0
79355,0,0,3,0,0,0,0,0,0,0,0,0,0,0,0,0,0,0
79558,0,0,0,0,3,0,0,0,0,0,0,0,0,0,0,0,0,0
79670,0,0,1,0,0,0,0,0,0,0,0,0,0,2,0,0,0,0
79772,0,0,0,0,0,0,0,0,0,0,0,0,0,0,1,0,0,0
79987,0,0,0,3,0,0,0,0,0,0,0,0,0,0,0,0,0,0
79995,0,1,0,0,0,0,0,0,0,0,0,0,0,0,0,0,0,0
80037,0,0,0,1,0,0,0,0,0,0,0,0,0,0,0,0,0,0
80061,0,1,0,0,0,0,0,0,0,0,1,0,0,0,0,0,0,0
80067,0,0,0,1,0,1,0,0,0,0,0,0,0,0,0,0,0,0
80099,0,1,0,0,0,0,0,0,0,0,0,0,0,0,0,0,0,0
80297,0,0,0,0,0,0,0,0,0,0,0,0,5,0,0,0,0,0
80401,0,0,1,0,0,0,0,0,0,0,0,0,0,2,0,0,0,0
80751,0,0,0,0,0,0,0,0,0,0,0,0,0,2,0,0,0,0
80801,0,0,0,0,0,0,0,0,0,0,0,0,2,0,0,0,0,0
80894,0,0,0,2,0,0,0,0,0,0,0,0,0,0,0,0,0,0
81062,0,0,0,0,0,0,0,0,0,0,0,0,0,1,0,0,0,0
81137,0,0,1,0,0,0,0,0,0,0,0,0,0,0,0,0,0,0
81159,0,0,0,0,0,0,0,0,0,0,0,0,0,1,0,0,0,0
81178,0,0,0,0,0,0,0,0,0,0,0,0,0,0,1,0,0,0
81376,0,0,1,0,0,0,0,0,0,0,0,0,0,0,0,0,0,0
81823,0,0,0,0,0,0,0,1,0,0,0,0,0,0,0,0,0,0
81865,0,0,0,1,0,0,0,0,0,0,0,0,0,0,1,0,0,0
81970,0,0,0,0,0,2,0,0,0,0,0,0,0,0,0,0,0,0
82060,0,0,1,0,0,0,0,0,0,0,0,0,0,0,0,0,0,0
82115,0,0,0,1,0,0,0,2,0,0,0,0,0,0,0,0,0,0
82142,0,0,0,2,3,0,0,0,0,0,0,0,0,0,0,0,0,0
82159,0,0,0,0,0,0,0,0,0,0,0,0,1,4,17,0,0,0
82277,0,0,0,0,0,1,0,0,0,0,0,0,0,0,0,0,0,0
82351,0,0,0,0,0,0,0,0,0,0,0,0,1,0,0,0,0,0
82364,0,0,0,1,0,0,0,0,0,0,0,0,0,0,0,0,0,0
82458,0,0,0,0,0,0,0,0,0,0,0,1,0,0,0,0,0,0
82544,0,0,0,0,0,0,0,0,0,0,0,0,6,0,0,0,0,0
82691,0,0,0,0,0,0,0,0,0,0,0,0,0,3,0,0,0,0
82781,0,0,0,0,0,1,0,0,0,0,0,0,0,0,0,0,0,0
82798,0,0,0,0,0,0,0,0,0,1,0,0,0,0,0,0,0,0
82872,0,0,0,0,0,0,0,0,0,0,0,3,0,0,0,0,0,0
83067,0,0,0,0,0,0,0,1,0,0,1,0,0,0,0,0,0,0
83083,0,0,0,0,0,0,0,2,0,0,0,0,0,0,0,0,0,0
83151,0,0,0,0,0,0,0,0,0,0,0,0,0,1,0,0,0,0
83170,0,0,0,0,0,0,5,0,0,0,0,0,0,0,0,0,0,0
83179,0,0,0,0,0,0,2,0,1,0,0,0,0,0,0,0,0,0
83205,0,0,0,0,0,0,0,0,0,0,0,0,0,0,3,0,0,0
83253,0,0,0,0,0,1,0,0,0,0,1,0,0,7,0,0,0,0
83307,0,0,0,0,0,0,0,1,0,0,0,0,0,0,0,0,0,0
83400,3,0,0,0,0,4,0,0,0,0,0,0,0,0,0,0,0,0
83427,0,0,0,0,0,0,0,0,0,0,0,0,1,0,0,0,0,0
83483,0,0,0,0,1,1,0,0,0,0,0,0,0,0,0,0,0,0
83604,0,0,0,0,0,0,0,6,0,0,0,0,0,0,0,0,0,0
83686,0,0,0,0,0,0,0,1,0,0,0,0,0,0,0,0,0,0
83739,0,0,0,0,0,0,0,0,0,0,0,0,3,0,0,0,0,0
83845,0,0,0,2,0,0,0,0,0,0,0,0,0,0,0,0,0,0
83973,0,0,0,0,0,0,0,0,0,0,0,0,0,0,0,0,0,2
83997,0,0,0,0,0,0,0,0,0,0,0,0,0,0,0,1,0,0
84049,0,0,0,0,0,0,0,2,0,0,0,0,0,0,0,0,0,0
84069,0,0,0,0,0,0,0,0,0,0,0,0,0,5,0,0,0,0
84077,0,0,0,0,0,0,0,0,0,0,0,0,0,0,0,1,0,0
84080,0,0,0,0,0,0,0,0,0,0,1,0,0,0,0,0,0,0
84085,0,0,0,0,0,0,0,0,0,1,0,0,0,0,0,0,0,0
84191,0,0,0,0,0,0,1,0,0,0,0,0,0,0,0,0,0,0
84250,0,0,0,0,0,0,0,0,0,0,0,0,1,0,2,0,0,0
84343,0,0,0,0,0,0,1,0,0,0,0,0,0,0,0,0,0,0
84592,0,0,0,0,0,0,0,0,0,0,0,0,1,1,0,0,0,0
84672,0,0,0,0,1,0,0,0,0,0,0,0,0,16,5,0,0,0
84675,0,0,0,0,0,2,0,0,0,0,0,0,0,0,0,0,0,0
84714,0,0,0,0,0,0,0,0,0,11,0,0,0,0,0,0,0,0
84744,0,0,0,0,3,0,0,0,0,0,0,0,0,0,0,0,0,0
84859,0,0,0,0,0,0,0,0,0,0,0,0,0,0,5,0,0,0
85026,0,0,0,0,0,0,0,0,0,0,0,0,1,0,0,0,0,0
85095,0,0,0,0,0,0,0,0,0,0,0,0,0,1,0,0,0,0
85253,0,0,0,1,0,0,1,0,0,0,0,0,0,0,0,0,0,0
85257,0,0,2,0,0,3,0,0,0,0,3,0,0,1,0,0,0,0
85293,0,0,0,1,0,0,0,0,0,0,0,0,0,0,1,0,0,0
85330,0,0,0,0,0,0,0,0,0,0,0,0,2,0,0,0,0,0
85336,0,0,0,0,0,0,0,0,0,0,0,0,0,0,0,1,0,0
85411,0,0,0,0,0,0,0,0,0,0,0,0,2,1,0,0,0,0
85490,0,1,0,0,0,0,0,0,0,0,0,0,0,0,0,0,0,0
85811,0,0,0,0,0,0,0,0,1,1,0,0,0,0,0,0,0,0
85875,0,0,0,0,1,0,0,0,0,0,0,0,2,1,0,0,0,0
86311,0,0,0,0,0,0,0,0,0,0,0,1,4,0,0,0,0,0
86465,0,0,0,0,0,2,0,0,0,0,0,0,0,0,0,0,0,0
86493,1,0,0,0,0,0,0,0,0,0,0,0,0,0,0,0,0,0
86943,0,0,0,0,0,0,0,0,0,0,0,0,0,2,0,0,0,0
87121,0,0,0,0,0,0,0,0,0,0,0,6,0,0,0,0,0,0
87181,0,0,0,0,0,0,0,0,0,0,1,0,0,0,0,0,0,0
87352,0,0,1,0,0,0,0,0,0,0,0,0,0,0,1,0,0,0
87548,0,0,0,0,0,0,0,0,0,0,0,0,0,6,3,0,0,0
87554,0,0,0,0,0,0,1,0,0,0,0,0,0,0,0,0,1,1
87678,0,0,0,0,0,0,0,0,0,0,0,0,1,0,0,0,0,0
87768,0,0,0,0,0,0,0,0,0,0,0,0,0,0,0,1,0,0
87878,0,0,0,0,0,0,0,1,0,0,0,0,0,0,0,0,0,0
87975,0,0,0,0,0,0,1,0,0,0,1,0,0,0,0,0,0,0
88045,0,0,0,0,0,0,1,0,0,0,0,0,0,0,0,0,0,0
88175,0,0,0,0,0,0,0,0,0,0,0,0,0,0,0,0,1,0
88489,0,0,1,0,0,0,0,0,0,0,0,0,0,2,0,0,0,0
88534,0,0,0,0,1,0,0,0,0,0,0,0,0,0,0,0,0,0
88588,0,0,1,0,0,0,0,0,0,0,0,0,0,0,0,0,0,0
88689,0,0,0,0,0,0,0,5,0,0,0,0,0,0,0,0,0,0
88819,0,0,1,0,0,0,0,0,0,0,0,0,0,0,0,1,0,0
88896,0,0,0,0,1,0,0,0,0,0,0,0,0,0,0,0,0,0
88928,0,0,0,0,0,0,22,0,0,0,0,0,0,0,0,0,0,0
88984,0,0,0,0,0,0,0,0,0,0,1,0,0,0,0,0,0,0
89048,0,0,0,0,0,0,0,0,0,0,0,0,0,1,0,0,0,0
89142,0,0,0,0,0,0,0,0,0,0,0,0,0,2,0,0,0,0
89225,0,0,1,0,0,0,0,0,0,0,0,0,0,0,0,0,0,0
89276,0,0,0,0,0,1,0,0,0,0,0,0,0,0,0,0,0,0
89285,0,0,1,0,0,0,0,0,0,0,0,0,0,0,0,0,0,0
89714,0,0,2,0,0,0,0,0,0,0,0,0,0,0,1,0,0,0
89787,0,0,0,0,0,0,0,0,0,0,1,0,0,0,0,0,0,0
89871,0,0,0,0,0,0,0,0,0,0,0,0,0,0,1,0,0,0
89893,0,0,0,0,0,0,0,0,0,0,0,0,0,0,0,0,0,3
90198,0,0,0,0,1,0,0,0,0,0,0,0,0,0,0,0,0,0
90262,0,0,0,0,0,11,0,0,0,0,0,0,0,0,0,0,0,0
90333,0,0,0,1,0,0,0,0,0,0,0,0,0,0,0,0,0,0
90353,0,0,1,0,0,0,0,0,0,0,0,0,0,0,0,0,0,0
90379,0,0,0,0,0,0,0,0,0,1,0,7,1,0,0,0,0,0
90503,0,0,0,0,0,0,0,0,0,0,0,1,0,0,0,0,0,0
90597,0,0,0,0,0,0,4,0,2,0,0,0,0,0,0,0,0,0
90646,0,0,0,0,0,0,0,0,0,0,0,0,0,1,0,0,0,0
90692,0,0,0,0,0,0,0,0,0,0,1,0,0,0,0,0,0,0
90811,0,0,0,0,0,2,1,0,0,0,0,0,0,0,0,0,0,0
90846,0,0,0,0,0,0,0,0,0,2,0,0,0,0,0,0,0,0
90879,0,0,0,0,0,1,0,0,0,0,0,0,0,0,0,0,0,0
91124,0,0,0,0,0,0,0,0,2,0,0,0,0,0,0,0,0,0
91125,0,0,0,0,0,0,0,0,0,0,0,2,0,0,0,0,0,0
91223,0,0,0,1,0,0,0,0,0,0,0,0,0,0,0,0,0,0
91305,0,0,0,0,0,0,0,0,2,0,0,0,0,0,0,0,0,0
91393,0,0,0,0,0,0,0,0,1,0,0,0,0,0,0,0,0,0
91500,0,0,0,0,0,1,0,0,0,0,0,0,0,0,0,0,0,0
91683,0,0,0,0,1,0,0,0,0,0,0,0,0,0,0,0,0,0
91853,0,0,0,0,0,0,1,0,0,0,0,0,0,0,0,0,0,0
91961,0,0,0,0,0,0,0,0,2,0,0,0,0,0,0,0,0,0
91983,0,0,1,0,0,0,0,0,0,0,0,0,0,1,0,0,0,0
91992,0,0,0,0,0,0,0,0,0,0,0,0,1,0,0,0,0,0
92097,0,0,0,0,0,0,0,0,0,2,0,0,0,0,0,0,0,0
92125,0,0,0,0,0,0,2,0,0,0,0,0,0,0,0,0,0,0
92292,0,0,0,0,1,0,0,0,0,0,0,0,0,0,0,0,0,0
92296,0,2,0,0,0,0,0,0,0,0,0,0,0,0,0,0,0,0
92526,0,0,0,0,0,0,1,0,0,0,0,0,0,0,0,0,0,0
92663,0,0,1,0,0,0,0,0,0,0,0,0,0,0,0,0,0,0
92754,0,0,0,0,0,0,0,0,0,0,0,0,0,0,0,1,0,0
92772,0,0,0,0,0,0,0,0,0,0,0,1,0,0,0,0,0,0
92956,0,0,0,0,0,1,0,0,1,0,0,0,0,0,0,0,0,0
93060,0,0,0,0,0,0,0,0,0,2,0,0,0,0,0,0,0,0
93064,0,0,0,0,0,0,0,1,0,0,0,0,0,0,0,0,0,0
93107,0,0,0,0,0,0,0,0,0,0,0,0,0,1,1,0,0,0
93269,0,0,0,0,0,0,0,0,0,0,0,0,0,0,0,0,1,0
93295,0,0,0,1,0,0,0,0,0,0,0,0,0,0,0,0,0,0
93319,0,0,1,0,0,1,0,0,0,0,0,0,0,0,0,0,0,0
93326,0,1,0,0,0,0,0,0,0,0,0,0,0,0,0,0,0,0
93375,0,0,0,0,0,1,0,0,0,0,0,0,0,0,0,0,0,0
93421,0,0,0,1,0,0,0,0,0,0,0,0,0,0,0,0,0,0
93488,0,0,0,0,0,0,0,1,0,0,0,0,0,0,0,0,0,0
93505,0,0,0,0,0,0,0,0,0,0,0,1,2,0,0,0,0,0
93574,0,0,0,0,0,0,0,0,0,0,0,0,0,0,0,0,1,0
93711,0,0,0,0,1,0,0,0,0,0,0,0,0,0,0,0,0,0
93809,0,0,0,0,0,0,0,0,0,0,0,0,0,0,0,0,1,0
93913,0,0,1,0,0,0,0,0,0,0,0,0,0,0,0,0,0,0
93932,0,0,0,1,0,0,0,0,0,0,0,1,0,0,0,1,0,0
93946,0,0,0,0,0,0,1,3,0,0,0,0,0,0,0,0,0,0
93969,0,0,0,0,0,0,0,0,0,0,1,0,0,0,0,0,0,0
94011,0,0,0,0,0,0,0,1,1,0,0,0,0,0,0,0,0,0
94151,0,0,0,0,0,3,0,0,0,0,0,0,0,0,0,0,0,0
94271,0,0,0,1,0,0,0,0,0,0,0,0,0,0,0,0,0,0
94319,0,0,0,0,0,1,0,0,0,0,0,0,0,0,0,0,0,0
94414,0,0,0,0,0,0,0,0,0,0,0,0,0,0,1,0,0,0
94700,0,0,0,0,1,0,0,0,0,0,0,0,0,0,0,0,0,0
94711,0,2,0,0,0,0,0,0,0,0,0,0,0,0,0,0,0,0
94748,0,0,0,0,0,0,0,2,0,0,0,0,0,0,0,0,0,0
95090,0,0,0,0,0,0,0,0,0,0,0,0,1,0,0,0,0,0
95112,0,0,1,0,0,1,0,0,0,0,0,0,1,0,0,0,0,0
95193,0,0,0,0,0,0,0,0,0,2,0,0,0,0,0,0,0,0
95331,0,0,0,0,0,0,0,0,0,0,0,1,0,1,0,0,0,0
95467,0,0,0,0,0,0,0,0,0,0,0,0,0,0,4,0,0,0
95499,0,0,0,1,0,0,0,0,0,0,0,0,0,0,0,0,0,0
95544,0,0,0,2,0,0,0,0,0,0,0,0,0,0,0,0,0,0
95545,0,0,0,0,0,0,0,0,0,0,0,0,0,0,1,0,0,0
95597,0,0,0,0,0,3,0,0,0,0,0,0,0,0,0,0,0,0
95703,0,0,0,0,0,0,0,0,0,0,0,0,0,0,1,0,0,3
95764,0,0,0,0,0,0,0,0,0,0,0,2,0,0,0,0,0,0
95837,0,0,0,0,2,0,0,0,0,0,0,0,0,0,0,0,0,0
95898,0,0,0,0,0,0,0,0,0,0,1,0,0,0,0,0,0,0
95913,0,0,0,0,0,2,0,0,0,0,0,0,0,0,0,0,0,0
95953,1,0,0,0,0,0,0,0,0,1,0,0,0,0,0,0,0,0
96001,0,0,1,0,0,0,0,0,0,0,0,0,0,0,0,0,0,0
96178,0,0,0,0,1,0,0,0,0,5,0,0,0,0,0,0,0,0
97006,0,0,0,0,0,0,0,0,0,0,0,2,0,0,0,0,0,0
97071,0,0,0,0,0,0,0,2,0,0,0,0,0,0,0,0,0,0
97126,0,0,0,0,0,0,0,2,0,0,0,0,0,0,0,0,0,0
97342,0,0,0,0,0,0,4,1,0,0,0,0,0,0,0,0,0,0
97384,0,0,0,0,0,0,0,0,0,0,0,0,0,0,1,0,0,0
97398,0,0,0,0,0,0,0,0,0,0,2,0,0,0,0,0,0,0
97559,0,0,0,0,0,0,0,0,0,0,0,0,1,0,0,0,0,0
97674,0,0,0,0,0,0,0,0,0,0,1,1,0,0,0,0,0,0
97707,0,0,0,0,0,0,0,0,0,1,0,0,0,0,0,0,0,0
97742,0,0,0,4,0,0,0,0,0,0,0,0,0,0,0,0,0,0
98058,0,0,0,0,0,0,0,0,0,0,0,3,0,0,0,0,0,0
98098,0,0,0,0,0,0,0,1,0,0,0,0,0,0,0,0,0,0
98101,0,0,0,0,0,0,0,0,0,0,0,1,0,0,0,0,0,0
98106,0,0,0,1,0,0,0,2,0,0,0,0,0,0,0,0,0,0
98211,0,0,0,0,0,0,0,0,0,0,0,0,0,11,0,0,0,0
98319,0,0,0,2,0,0,0,0,0,0,0,0,0,0,0,1,0,0
98699,0,0,1,0,0,0,0,0,0,0,0,0,0,0,0,0,0,0
98710,0,0,0,0,0,0,1,3,0,0,0,0,0,0,0,1,0,0
98715,0,0,0,0,0,0,0,0,0,0,0,0,2,2,0,0,0,0
98929,0,0,0,0,0,0,0,0,0,0,0,0,0,0,0,0,3,0
98989,0,0,0,0,0,0,0,0,0,0,0,1,0,0,0,0,0,3
98990,0,0,0,2,0,0,0,0,0,0,0,3,0,0,0,0,0,0
99062,0,0,0,0,0,1,0,0,1,0,0,0,0,0,0,0,0,0
99090,0,0,0,0,0,0,0,0,0,7,0,0,0,0,0,0,0,0
99251,0,2,0,0,0,0,0,0,0,0,0,0,0,0,0,0,0,0
99321,0,0,0,0,0,0,0,0,0,0,0,0,0,0,2,0,0,0
99383,0,0,0,0,0,2,0,0,0,0,0,0,0,1,0,0,0,0
99450,0,0,0,2,0,0,0,0,0,0,0,0,0,0,0,0,0,0
99459,0,0,0,0,0,0,0,0,0,1,0,0,0,0,0,0,0,0
99485,0,0,0,0,0,0,0,1,0,0,0,0,0,0,0,0,0,0
99553,0,0,0,0,0,0,0,0,1,0,0,0,0,0,0,0,0,0
99641,0,0,0,0,0,0,0,0,0,0,0,0,0,0,1,0,0,0
99717,0,0,0,0,0,5,0,0,0,0,0,0,0,10,0,0,0,0
99734,0,0,0,0,0,0,0,0,0,0,0,0,0,3,0,0,0,0
99779,0,0,0,0,0,0,0,0,0,0,0,1,0,0,0,0,0,0
99885,0,0,0,0,0,0,0,0,3,0,4,0,0,0,0,0,0,0
99949,0,0,0,0,0,0,0,0,0,2,0,0,0,0,0,0,0,0
